{"cameraMode":{"drawMode":0,"name":"Shaded","section":"Shading Mode"},"sceneLighting":false,"audioPlay":false,"sceneViewState":{"showFog":true,"showMaterialUpdate":true,"showSkybox":false,"showFlares":true,"showImageEffects":true,"showParticleSystems":true},"in2DMode":false,"pivot":{"x":-0.37533044815063479,"y":-5.85196590423584,"z":15.734180450439454},"rotation":{"x":0.11812719702720642,"y":0.040206197649240497,"z":-0.0047839488834142689,"w":0.9921799302101135},"size":2.8578836917877199,"orthographic":false}