{"cameraMode":{"drawMode":0,"name":"Shaded","section":"Shading Mode"},"sceneLighting":false,"audioPlay":false,"sceneViewState":{"showFog":true,"showMaterialUpdate":true,"showSkybox":false,"showFlares":true,"showImageEffects":true,"showParticleSystems":true},"in2DMode":false,"pivot":{"x":18.25950050354004,"y":9.150186538696289,"z":-33.81013107299805},"rotation":{"x":0.0008488831808790565,"y":-0.32800763845443728,"z":-0.00029635324608534575,"w":-0.9446831345558167},"size":8.902511596679688,"orthographic":false}