{"cameraMode":{"drawMode":0,"name":"Shaded","section":"Shading Mode"},"sceneLighting":true,"audioPlay":false,"sceneViewState":{"showFog":true,"showMaterialUpdate":true,"showSkybox":true,"showFlares":true,"showImageEffects":true,"showParticleSystems":true},"in2DMode":false,"pivot":{"x":34.261871337890628,"y":13.228080749511719,"z":-31.558979034423829},"rotation":{"x":-0.018598362803459169,"y":-0.013188551180064679,"z":0.00024395760556217283,"w":-0.999748170375824},"size":29.072338104248048,"orthographic":false}