{"cameraMode":{"drawMode":0,"name":"Shaded","section":"Shading Mode"},"sceneLighting":true,"audioPlay":false,"sceneViewState":{"showFog":true,"showMaterialUpdate":true,"showSkybox":true,"showFlares":true,"showImageEffects":true,"showParticleSystems":true},"in2DMode":false,"pivot":{"x":25.902189254760743,"y":6.907578945159912,"z":-9.99853515625},"rotation":{"x":0.016499202698469163,"y":0.0029996680095791818,"z":-0.00004960746446158737,"w":0.999859631061554},"size":35.92417907714844,"orthographic":false}