{"cameraMode":{"drawMode":0,"name":"Shaded","section":"Shading Mode"},"sceneLighting":true,"audioPlay":false,"sceneViewState":{"showFog":true,"showMaterialUpdate":true,"showSkybox":true,"showFlares":true,"showImageEffects":true,"showParticleSystems":true},"in2DMode":false,"pivot":{"x":18.649917602539064,"y":8.619999885559082,"z":0.20891571044921876},"rotation":{"x":0.12730450928211213,"y":0.7176611423492432,"z":-0.1361609697341919,"w":0.670982301235199},"size":28.578840255737306,"orthographic":false}