{"cameraMode":{"drawMode":0,"name":"Shaded","section":"Shading Mode"},"sceneLighting":false,"audioPlay":false,"sceneViewState":{"showFog":true,"showMaterialUpdate":true,"showSkybox":false,"showFlares":true,"showImageEffects":true,"showParticleSystems":true},"in2DMode":false,"pivot":{"x":0.5699999332427979,"y":9.050000190734864,"z":0.0},"rotation":{"x":0.04642971232533455,"y":0.047929633408784869,"z":-0.002230416052043438,"w":0.9977686405181885},"size":2.8578836917877199,"orthographic":false}